address,txHash
0x285e866602c77d60d7698fb8d823bc69e723baba7aed697badc0289bf181de4d,0xca65Fd88c2d0b4A012F38c6677f45bbc4186AcF5
0xcd06c2b05bd625e5b12290cd347d220fadd965f6a72ce7e8086d2da8d81cb219,0xe79057088a15ac8c9c8beC3b90Bd9891a1b3af51
0x2cb84740cd85723665979b3d2b30ee3d1d42c26c9c8fc3faa8fa9553eab4c833,0x84b44CE0cdCA549943dF46C7b587F3f09Fe064E3
0x64969cb52a1b6519fa0af4defa7aca49e9b4fd88adab93c2c5df0b83d173f889,0x810755743d4054072fA18e370Fc762bbe0CF5f69
0x5084d9f3f45d53999af4b0eb63fe8fafe8fb3d7d0c55c06c4d38f6d414bff717,0xA0D86993bf9593A9186c7F022e31bd0d32808BF1
0xc2007e961206030e19ff0eefdca36c6054c4f1a11c70a25b55f14bac2f8153e0,0x5aAb587173DAB10A83B9C2b85854B15cC93E9f82
0x8262b9a91b0c133915c855dc21300e60a5f91846b8ef7a87432c8b55001bb14f,0xd48f1A44e56526e96A983FF750559aa365810D5A
0x9ac7ef30fcba79ce62477f1f6514ca9e9f9e453bdfbbcbca6778451e13f5d454,0x728B87636f8DB404f70cBE4E86c9c5a23cB74783
0xa49a14d8e3b0a1c23b77e121f93852fd9130b6c06d4da9cd2d09141f6b7c6b62,0xda0691163e9BEAE3745f6584c5ab5fEF3D1276eB
0xa9c4b9661feb451765087c26b45a0c1be19f1739397f9986a2ce0b3df156470c,0x9392487012ca2bbfB12096D3658ec1d3Bd5c671e
0x5279e440867029bbf0428a2d379cce5bf8f46a86c67d4ca06b5b20537e384ab8,0xf56036f6a5D9b9991c209DcbC9C40b2C1cD46540
0x20c9f4b9c22eb3da01a3f15a44f0e84b037de1a07d5e49137bbe9bf2dcb78e38,0x049e37b4276B58dB622Ab5db2ff2AfFCb40DC11C
0xed95d3c9e16ed70198493859c2c2f429a4c61be6474e0d40fac1870c0c6fcb7f,0xa7d4E98FdDeF381F1dd80e39Ad4bA0916CE362BD
0xcba9e972913e7ab29452d4bc9505f7d814c3f1a48403fadc371f8c34d0242f67,0x71535AAe1B6C0c51Db317B54d5eEe72d1ab843c1
0xe347895e603efdb4d069deb5ce56467da7c6e31c486bd5d0092f71af52e92b83,0x3b06BC7B205f1A827F6504244dB7a8f5b0bF7dfA
0xb7834b7e415ecf3e4cd71ebc91dbd27ad6dbb9980c91a035fb4cddcebd974c6a,0x4D7b618FBAdf32C3726082b67b8f68B75CC8c6Cc
0x094c71a99f78213247fbca59044515a495f712b78fd530c6625703915de52b1f,0x7ccf173012bfE53F16F4D6A2a4aea32abAfcD04C
0xc34bf456069f56fa8b319a4e7b2399ed62787b3a501f3b7924ef71997ea31c56,0x102e51c706eaf0293715aF73C99F2A8589a2084d
0xb5a58f88ddede2c10baf1d4988d5874a0d2cd6e41bf122867c4a7a3e90b197d0,0x612a3500559BE7be7703de6DC397AFB541A16F7f
0xb7182927a1954faaa0d95733be247a7f101046a5866214033b06fbc95758d54a,0xC49830ADD09B7b13758537FA4e8Db73FA5Fd4bB4
0xa38a0b7a3c03fae1b8d503c420c281f8e46b749ed4546fcc5c89914f896dedf1,0x9209d23Ec84202dD616324adDf58Faa36F7830C9
0x61260cc0a8ac83659ec0f5bd8e50a5dc543ab9539d6874a1ee45da0ee432060b,0xC4Ea7BBc6B186089Ae4b90E282deC17Ee08bC340
0x676c20052cfc3b4336ae77d73022db3103d2549f76262be49fb3eb78f7694d13,0xEc80b5494e873Fd9A7c7Bf2368D743B38eb0b9eA
0xd5b1de5c2b83dc188f2e4e64cf94063b9bbddb7e9453febe076eb6c86aca5204,0xA11109126af2c5904fdc5b6203108Fef5770E85E
0x4b2121afe8276302a03daac42f583674e3ddf08c737eaa066992a2b6d135ae81,0x1eFe03B911d97Cf5D86Da4a70500eA9F6E8bcFCb
0xb30a6c887d273c57ca3ec09cc0d8479c333f02d2ab18db19fc9994945c082df4,0x24b8Af8c459306Cd220Ee6dcF5aa0198eD8776f0
0x0e17c3a18f04f1d15e0a79db70ac5e59bd03cbd33924a9d09023a8bda73da692,0xaDFaD9DFc36a22B45E173162588e474e2E37F630
0x0ff5a137a1d7ba2d0681f421ff5a6d90751e96feeadf2e9c722bae5567867fbb,0x08C8b685ab907B50FA78d1093daDCCC944880210
0x156c7a490f6bc928ac2fb383ee505da53e80b21ef9fd7423701128286709bf6b,0x34Dab9a3e3b68C82CA933c0A4c4e0c30dA794722
0xb446d88887a4346cd050eefada6fa48d90f0a5cb53de9b743d4b8d0896493b2b,0xb5360d78643A0B0F39B4f32c629A2A920b74E3dC
0x84814dce221d5b238ec14d3ecb999bff1777ac20b828d3d1cdce5ae69e66dc67,0xd062aB63Bb4f7af7e59B85DeFc3C90bfA9B81E6E
0x972b35750df62545cca0f2b84dbb43d2f7bcfa4848301d1e8072cba10dd3cc1b,0x32a59b87352e980dD6aB1bAF462696D28e63525D
0xad4f7660728f5a44482ed3a6f6be0c431301f0d6062db1c7536e3ad74a6dc894,0x3499F916B491eB1910Dd2e3306d95915800e514a
0x03a1518679dea3b71bd32d2b5ccd800a0e571934a1eec326cb469b7457ac8264,0x8a62B848e73862Ec5efe465b9d664f593241fd7b
0x6f1684376e389cd05a72611ea416011ad6445790fa43bb743ec492c3370abd92,0xC08286680596564bc01731DE08e704804696A413
0x904be8ae0199e7ca1248e2db4a85b8da05ba5b44087acea068a2d79055184e85,0x986204Cc94428354885e237d87Dc0ff9836DFc89
0x38bfea86d4e65348d1b704ba6e2d2fc26ef93e74f857e54f0dd6d5cb45bbfb46,0xfCc1b0AAEb2b9063AB34FdfBB3EEDc2FF30ae4F2
0x8f71aebbbde71914edc3e7069edbb4b12b2dac9286c71f99e8f9ea312f7f60b2,0xb1aA02625595619952ee2Ea7943923F04Cd60183
0x59bd65d1dacb792a2c28410e07d85fe56d1332a54f399f272c4bacd7df2cd674,0x8a8feACc614fa4b59cC2501F680c28E98E57bd14
0x8166b99dacea3724c8312e39f450f4407a86f65cf0cbb72acd8f9385a94b1df6,0x9F4b05e71D7EE454663029810622F881c48b7cA8
0xec34358dc62b58b6f4ffe28b3a9878fd8df6becea72d73287651c43e119e3e30,0xE335eA94352a4D9280Aef9232B3762c5234380d6
0x88cee00776137168dcfe82b58ea68ead0e50b8d23a7fa5fb52cd234465ac37a0,0x68b8A6aDA2749C4E280eC6Aca1252BF64427Ed48
0x28fcf1b00647120ba19735e1b798ec34275db50461781ebfcd73c2dab661f15d,0xd79A746bFA1C8686626551a0aAf0C39f2256d63d
0x12944d91081f55470219ec163d96e7898b0c4ffa3ae96f0f1d2f514d314a4bd5,0xcC15F837dBf16d9d7f311a7Ce19f495893497dd1
0x5759111df07e501ec106ec211397825f588f660bfb2a1deced6be862b2000021,0x1F7d1970b0e9F229Df8D81f1F358f08EE52462Fd
0x7776ebba743982f8a58d7b1b8049c7b9dcc28fd486cd72239fa69596abc4ee79,0xa77bf131A255be71cE27F3616FFA641A97D20d15
0xcb5553792539a013cd07975e1d9faa0c36cbaf905f4ed9a0b4f750c57bf60913,0xB72eD8401892466Ea8aF528C1af1d0524bc5e105
0x9b9ea7d90cf122a5c225366bfb9367bd163f216f64b3ce6ce13ee114ed430f47,0xE93a437c41ddEE88C5F80871071Fad42EA207120
